{
    "vol": 0.7560783716562607,
    "E_average": 119216.11051537198
}