{
    "vol": 1.387727562154498,
    "E_average": 99999.99999999991
}