{
    "vol": 1.1656042899782488,
    "E_average": 209999.9999999993
}