{
    "vol": 1.5395001327416797,
    "E_average": 210000.00000000076
}