{
    "vol": 0.19515865727986947,
    "E_average": 209999.9999999999
}