{
    "vol": 0.6880263957627852,
    "E_average": 210000.00000000012
}