{
    "vol": 1.1960322286409244,
    "E_average": 100000.00000000023
}