{
    "vol": 1.5849725323409551,
    "E_average": 100000.0000000001
}