{
    "vol": 0.39151617181920184,
    "E_average": 100000.00000000003
}