{
    "vol": 2.7929798702330935,
    "E_average": 99999.99999999967
}