{
    "vol": 1.7822433691030548,
    "E_average": 99999.99999999997
}