{
    "vol": 0.9970437304774653,
    "E_average": 99999.99999999993
}