{
    "vol": 1.0313127314147321,
    "E_average": 100000.00000000009
}