{
    "vol": 3.395927026448231,
    "E_average": 100000.0000000001
}