{
    "vol": 1.005740132246156,
    "E_average": 99999.99999999985
}