{
    "vol": 0.40259922456892183,
    "E_average": 99999.99999999983
}