{
    "vol": 3.7679182499388046,
    "E_average": 100000.00000000026
}