{
    "vol": 2.397746243739578,
    "E_average": 99999.99999999946
}