{
    "vol": 3.5833122661542967,
    "E_average": 100000.0000000007
}