{
    "vol": 0.8050733465306339,
    "E_average": 99999.99999999988
}