{
    "vol": 1.1389778648678028,
    "E_average": 99999.99999999988
}