{
    "vol": 0.6029972544234281,
    "E_average": 100000.00000000009
}