{
    "vol": 2.8059908816346586,
    "E_average": 100000.00000000028
}