{
    "vol": 1.9945319932794825,
    "E_average": 100000.00000000041
}