{
    "vol": 1.2477728285077927,
    "E_average": 100000.00000000015
}