{
    "vol": 1.1947653795479876,
    "E_average": 99999.99999999999
}