{
    "vol": 0.2041202844774273,
    "E_average": 100000.00000000006
}