{
    "vol": 2.9822212444876044,
    "E_average": 99999.99999999971
}