{
    "vol": 3.1898838194207464,
    "E_average": 99999.99999999981
}