{
    "vol": 3.961069655514108,
    "E_average": 99999.99999999985
}