{
    "vol": 2.6018184541874936,
    "E_average": 99999.99999999983
}