{
    "vol": 2.196784557781819,
    "E_average": 100000.00000000015
}