{
    "vol": 1.0795638534709577,
    "E_average": 209999.99999999936
}