{
    "vol": 3.9877250988362065,
    "E_average": 100000.00000000006,
    "porosity_average": 0.4995000000000007
}