{
    "vol": 1.5849725323409531,
    "E_average": 100000.00000000001,
    "porosity_average": 0.49950000000000067
}