{
    "vol": 3.789721503762611,
    "E_average": 99999.99999999971,
    "porosity_average": 0.4994999999999973
}