{
    "vol": 2.201173851447073,
    "E_average": 99999.99999999991,
    "porosity_average": 0.49950000000000094
}