{
    "vol": 3.0011985677873447,
    "E_average": 100000.00000000035,
    "porosity_average": 0.49950000000000244
}