{
    "vol": 3.41641830555258,
    "E_average": 100000.00000000001,
    "porosity_average": 0.49950000000000006
}