{
    "vol": 1.9955567701058659,
    "E_average": 100000.00000000025,
    "porosity_average": 0.49950000000000083
}