{
    "vol": 0.5964765100671148,
    "E_average": 99999.99999999997,
    "porosity_average": 0.4994999999999996
}