{
    "vol": 3.615734654666802,
    "E_average": 100000.00000000006,
    "porosity_average": 0.49949999999999994
}