{
    "vol": 0.997043730477467,
    "E_average": 99999.99999999977,
    "porosity_average": 0.4994999999999991
}