{
    "vol": 1.3877275621544987,
    "E_average": 99999.99999999977,
    "porosity_average": 0.4994999999999987
}