{
    "vol": 0.39151617181920195,
    "E_average": 100000.00000000006,
    "porosity_average": 0.49950000000000055
}