{
    "vol": 2.6014770198129193,
    "E_average": 99999.99999999972,
    "porosity_average": 0.4995000000000002
}