{
    "vol": 0.5964765100671143,
    "E_average": 99999.99999999993
}