{
    "vol": 1.1960322286409246,
    "E_average": 100000.0,
    "porosity_average": 0.4995000000000019
}