{
    "vol": 1.7822433691030606,
    "E_average": 99999.99999999984,
    "porosity_average": 0.49949999999999933
}