{
    "vol": 3.1886069708347597,
    "E_average": 99999.99999999968,
    "porosity_average": 0.49949999999999917
}