{
    "vol": 0.7936652961778596,
    "E_average": 99999.99999999993,
    "porosity_average": 0.49949999999999906
}