{
    "vol": 2.792979870233088,
    "E_average": 100000.00000000006,
    "porosity_average": 0.4994999999999994
}