{
    "vol": 0.1961451247165533,
    "E_average": 99999.99999999999,
    "porosity_average": 0.49949999999999994
}