{
    "vol": 2.3949258865786387,
    "E_average": 100000.00000000015,
    "porosity_average": 0.49950000000000033
}