{
    "vol": 1.6778830709926122,
    "E_average": 209999.99999999924
}