{
    "vol": 1.2835909168728918,
    "E_average": 209999.9999999999
}