{
    "vol": 1.9436355547466668,
    "E_average": 209999.99999999904
}