{
    "vol": 1.467158231176925,
    "E_average": 210000.00000000017
}