{
    "vol": 0.956173177558719,
    "E_average": 119105.52831366155,
    "porosity_average": 0.47762141795097496
}