{
    "vol": 2.3040420903526098,
    "E_average": 118339.18748673453,
    "porosity_average": 0.4817543793425184
}