{
    "vol": 1.3260867992243357,
    "E_average": 121023.70329850813,
    "porosity_average": 0.4740443736352846
}