{
    "vol": 1.5359104832789048,
    "E_average": 120572.68306969968,
    "porosity_average": 0.48132158244645823
}