{
    "vol": 2.494873620644036,
    "E_average": 117874.09433862485,
    "porosity_average": 0.47857607444488703
}