{
    "vol": 2.884451996601533,
    "E_average": 118443.75671552827,
    "porosity_average": 0.48210894383563596
}