{
    "vol": 0.956173177558719,
    "E_average": 119105.52831366136,
    "porosity_average": 0.4776214179509751
}