{
    "vol": 2.685857140792763,
    "E_average": 118026.2241003998,
    "porosity_average": 0.47866000411815385
}