{
    "vol": 1.5359104832789048,
    "E_average": 120572.68306969966,
    "porosity_average": 0.4813215824464584
}