{
    "vol": 0.1838796124510409,
    "E_average": 126465.63578873318,
    "porosity_average": 0.46655065699503734
}