{
    "vol": 3.692826579812884,
    "E_average": 113348.02411291156,
    "porosity_average": 0.48448351021994834
}