{
    "vol": 2.3040420903526098,
    "E_average": 118339.18748673442,
    "porosity_average": 0.48175437934251936
}