{
    "vol": 3.090706817865769,
    "E_average": 116695.19690784582,
    "porosity_average": 0.483522865913519
}