{
    "vol": 3.3012070052706215,
    "E_average": 115005.59798570909,
    "porosity_average": 0.4792840394361704
}