{
    "vol": 3.890860557527228,
    "E_average": 114399.98301808804,
    "porosity_average": 0.48583068616668224
}