{
    "vol": 2.1296043311070596,
    "E_average": 117898.2228407375,
    "porosity_average": 0.4834788294761536
}