{
    "vol": 3.5007584184447427,
    "E_average": 114344.9840869205,
    "porosity_average": 0.4862170822951204
}