{
    "vol": 1.7414962543024912,
    "E_average": 120348.64902426043,
    "porosity_average": 0.4838546990078193
}