{
    "vol": 3.3012070052706215,
    "E_average": 115005.5979857094,
    "porosity_average": 0.4792840394361733
}