{
    "vol": 0.7560783716562607,
    "E_average": 119216.11051537203,
    "porosity_average": 0.47619441198247336
}