{
    "vol": 1.1447248403770138,
    "E_average": 120047.06265583738
}