{
    "vol": 1.959828748405905,
    "E_average": 116840.69076304324
}