{
    "vol": 0.1961451247165531,
    "E_average": 100000.00000000004
}