{
    "vol": 2.6014770198129282,
    "E_average": 99999.99999999985
}