{
    "vol": 0.7936652961778584,
    "E_average": 99999.99999999975
}