{
    "vol": 3.6157346546667997,
    "E_average": 99999.99999999997
}