{
    "vol": 2.39492588657865,
    "E_average": 99999.99999999988
}