{
    "vol": 0.3677941026425876,
    "E_average": 126511.32370172095
}