{
    "vol": 0.4880633645693884,
    "E_average": 210000.0000000004
}