{
    "vol": 1.9436355547466642,
    "E_average": 209999.99999999983,
    "porosity_average": 0.0
}