{
    "vol": 1.4671582311769216,
    "E_average": 210000.00000000017,
    "porosity_average": 0.0
}