{
    "vol": 0.9956023157425957,
    "E_average": 210000.00000000023,
    "porosity_average": 0.0
}