{
    "vol": 1.8661057359687465,
    "E_average": 209999.9999999998,
    "porosity_average": 0.0
}