{
    "vol": 0.5941015506232896,
    "E_average": 209999.99999999988,
    "porosity_average": 0.0
}