{
    "vol": 1.7731064819496414,
    "E_average": 210000.00000000003,
    "porosity_average": 0.0
}