{
    "vol": 0.2964205816554811,
    "E_average": 209999.99999999994,
    "porosity_average": 0.0
}