{
    "vol": 0.6880263957627855,
    "E_average": 209999.99999999985,
    "porosity_average": 0.0
}