{
    "vol": 0.7737778790410368,
    "E_average": 210000.00000000012,
    "porosity_average": 0.0
}