{
    "vol": 1.539500132741685,
    "E_average": 209999.99999999965,
    "porosity_average": 0.0
}