{
    "vol": 1.165604289978246,
    "E_average": 209999.9999999999,
    "porosity_average": 0.0
}