{
    "vol": 0.48806336456938904,
    "E_average": 209999.99999999985,
    "porosity_average": 0.0
}