{
    "vol": 1.0795638534709575,
    "E_average": 209999.99999999956,
    "porosity_average": 0.0
}