{
    "vol": 0.8812512654383482,
    "E_average": 209999.99999999997,
    "porosity_average": 0.0
}