{
    "vol": 1.3636146876490227,
    "E_average": 210000.0000000001,
    "porosity_average": 0.0
}