{
    "vol": 1.2835909168728903,
    "E_average": 209999.99999999956,
    "porosity_average": 0.0
}