{
    "vol": 0.18387961245104065,
    "E_average": 100000.00000000054
}