{
    "vol": 0.1838796124510409,
    "E_average": 126465.63578873311,
    "porosity_average": 0.4665506569950375
}