{
    "vol": 1.7731064819496418,
    "E_average": 210000.0000000001
}