{
    "vol": 0.5941015506232898,
    "E_average": 210000.00000000003
}