{
    "vol": 0.7737778790410361,
    "E_average": 209999.9999999999
}