{
    "vol": 1.404060155705585,
    "E_average": 128583.84340686817
}