{
    "vol": 1.7380529541329601,
    "E_average": 128614.63288456212
}