{
    "vol": 3.568617550638099,
    "E_average": 121807.1352215678
}