{
    "vol": 1.1729323308270672,
    "E_average": 7874.284247094305
}