{
    "vol": 1.163374431999073,
    "E_average": 133018.22723798233
}