{
    "vol": 3.0011985677873576,
    "E_average": 99999.99999999997
}