{
    "vol": 3.090706817865769,
    "E_average": 116695.19690784611
}