{
    "vol": 3.692826579812884,
    "E_average": 113348.0241129114
}