{
    "vol": 2.1296043311070596,
    "E_average": 117898.22284073755
}