{
    "vol": 1.3260867992243357,
    "E_average": 121023.7032985081
}