{
    "vol": 2.494873620644036,
    "E_average": 117874.094338625
}