{
    "vol": 3.5007584184447427,
    "E_average": 114344.98408692026
}