{
    "vol": 2.685857140792763,
    "E_average": 118026.22410039986
}