{
    "vol": 0.5758338417734391,
    "E_average": 119526.73505646244
}