{
    "vol": 0.995602315742595,
    "E_average": 210000.00000000052
}