{
    "vol": 3.9877250988362247,
    "E_average": 99999.99999999964
}