{
    "vol": 0.7560783716562615,
    "E_average": 119216.11051537187,
    "porosity_average": 0.4761944119824725
}