{
    "vol": 1.7414962543024881,
    "E_average": 120348.6490242607,
    "porosity_average": 0.48385469900782
}