{
    "vol": 1.9598287484059076,
    "E_average": 116840.6907630431,
    "porosity_average": 0.4852234701425646
}