{
    "vol": 3.8908605575272217,
    "E_average": 114399.98301808801,
    "porosity_average": 0.4858306861666828
}