{
    "vol": 0.18387961245104106,
    "E_average": 126465.635788733,
    "porosity_average": 0.466550656995037
}