{
    "vol": 1.535910483278902,
    "E_average": 120572.68306970006,
    "porosity_average": 0.4813215824464592
}