{
    "vol": 2.685857140792766,
    "E_average": 118026.22410040002,
    "porosity_average": 0.4786600041181539
}