{
    "vol": 2.3040420903526106,
    "E_average": 118339.18748673437,
    "porosity_average": 0.4817543793425184
}