{
    "vol": 1.7414962543024881,
    "E_average": 120348.64902426086,
    "porosity_average": 0.4838546990078209
}