{
    "vol": 2.685857140792766,
    "E_average": 118026.22410039965,
    "porosity_average": 0.47866000411815324
}