{
    "vol": 3.5007584184447347,
    "E_average": 114344.9840869202,
    "porosity_average": 0.4862170822951204
}