{
    "vol": 3.0907068178657733,
    "E_average": 116695.19690784568,
    "porosity_average": 0.4835228659135169
}