{
    "vol": 0.3677941026425877,
    "E_average": 126511.32370172092,
    "porosity_average": 0.4716070597859326
}