{
    "vol": 0.9561731775587211,
    "E_average": 119105.52831366121,
    "porosity_average": 0.4776214179509753
}