{
    "vol": 3.0907068178657733,
    "E_average": 116695.196907846,
    "porosity_average": 0.48352286591351906
}