{
    "vol": 2.1296043311070676,
    "E_average": 117898.22284073723,
    "porosity_average": 0.48347882947614945
}