{
    "vol": 3.301207005270611,
    "E_average": 115005.59798570962,
    "porosity_average": 0.4792840394361756
}