{
    "vol": 2.494873620644035,
    "E_average": 117874.09433862496,
    "porosity_average": 0.47857607444488404
}