{
    "vol": 3.5007584184447347,
    "E_average": 114344.98408692048,
    "porosity_average": 0.486217082295121
}