{
    "vol": 3.8908605575272217,
    "E_average": 114399.98301808836,
    "porosity_average": 0.48583068616668196
}