{
    "vol": 0.7560783716562615,
    "E_average": 119216.11051537191,
    "porosity_average": 0.47619441198247264
}