{
    "vol": 0.5758338417734391,
    "E_average": 119526.73505646252,
    "porosity_average": 0.4829683680630983
}