{
    "vol": 1.9598287484059076,
    "E_average": 116840.69076304356,
    "porosity_average": 0.4852234701425647
}