{
    "vol": 3.301207005270611,
    "E_average": 115005.5979857094,
    "porosity_average": 0.47928403943617515
}