{
    "vol": 2.884451996601533,
    "E_average": 118443.75671552794,
    "porosity_average": 0.482108943835637
}