{
    "vol": 3.6928265798128725,
    "E_average": 113348.02411291204,
    "porosity_average": 0.48448351021994945
}