{
    "vol": 0.3677941026425877,
    "E_average": 126511.3237017209,
    "porosity_average": 0.4716070597859334
}