{
    "vol": 0.9561731775587211,
    "E_average": 119105.52831366107,
    "porosity_average": 0.4776214179509757
}