{
    "vol": 2.884451996601533,
    "E_average": 118443.75671552776,
    "porosity_average": 0.4821089438356363
}