{
    "vol": 0.18387961245104106,
    "E_average": 126465.63578873298,
    "porosity_average": 0.4665506569950367
}