{
    "vol": 2.3040420903526106,
    "E_average": 118339.18748673472,
    "porosity_average": 0.481754379342519
}