{
    "vol": 1.1447248403770138,
    "E_average": 120047.06265583719,
    "porosity_average": 0.4766761978817796
}