{
    "vol": 1.535910483278902,
    "E_average": 120572.68306969972,
    "porosity_average": 0.48132158244645834
}