{
    "vol": 1.3260867992243353,
    "E_average": 121023.70329850825,
    "porosity_average": 0.4740443736352846
}