{
    "vol": 3.188606970834748,
    "E_average": 100000.00000000017
}