{
    "vol": 1.86610573596875,
    "E_average": 210000.00000000015
}