{
    "vol": 3.7897215037626037,
    "E_average": 99999.99999999975
}