{
    "vol": 3.4164183055525785,
    "E_average": 100000.00000000041
}