{
    "vol": 0.8812512654383483,
    "E_average": 209999.99999999936
}