{
    "vol": 0.3970610628902085,
    "E_average": 210000.00000000026
}