{
    "vol": 0.09281591424448563,
    "E_average": 209999.99999999988
}