{
    "vol": 1.363614687649024,
    "E_average": 209999.99999999983
}