{
    "vol": 1.995556770105871,
    "E_average": 99999.99999999978
}